1,google.com
2,youtube.com
3,baidu.com
4,bilibili.com
5,facebook.com
6,qq.com
7,amazon.com
8,bing.com
9,yahoo.com
10,zhihu.com
11,wikipedia.org
12,twitter.com
13,instagram.com
14,csdn.net
15,whatsapp.com
16,reddit.com
17,taobao.com
18,163.com
19,linkedin.com
20,yandex.ru
21,weibo.com
22,xvideos.com
23,vk.com
24,sina.com.cn
25,google.com.hk
26,pornhub.com
27,tiktok.com
28,jd.com
29,paypal.com
30,t.co
31,live.com
32,github.com
33,apple.com
34,aliexpress.com
35,canva.com
36,cctv.com
37,dzen.ru
38,yahoo.co.jp
39,netflix.com
40,fandom.com
41,xhamster.com
42,naver.com
43,microsoft.com
44,ebay.com
45,sohu.com
46,sharepoint.com
47,spankbang.com
48,hao123.com
49,mail.ru
50,amazon.in
51,tmall.com
52,adobe.com
53,pinterest.com
54,douban.com
55,xnxx.com
56,imdb.com
57,1688.com
58,amazon.co.uk
59,steampowered.com
60,alipay.com
61,amazon.co.jp
62,quora.com
63,myshopify.com
64,so.com
65,etsy.com
66,walmart.com
67,msn.com
68,chaturbate.com
69,spotify.com
70,duckduckgo.com
71,stackoverflow.com
72,office.com
73,twimg.com
74,douyu.com
75,iqiyi.com
76,google.co.in
77,msn.cn
78,aliyun.com
79,zoom.us
80,pixiv.net
81,doubleclick.net
82,ilovepdf.com
83,bestbuy.com
84,mihoyo.com
85,fifa.com
86,t.me
87,deepl.com
88,microsoftonline.com
89,freepik.com
90,sogou.com
91,twitch.tv
92,douyin.com
93,avito.ru
94,stripchat.com
95,imgur.com
96,amazon.it
97,udemy.com
98,telegram.org
99,3dmgame.com
100,360.cn
101,booking.com
102,bbc.com
103,tradingview.com
104,indeed.com
105,nih.gov
106,realsrv.com
107,ali213.net
108,instructure.com
109,youku.com
110,onlyfans.com
111,flipkart.com
112,ok.ru
113,wetransfer.com
114,ozon.ru
115,mediafire.com
116,tampermonkey.net
117,alibaba.com
118,sciencedirect.com
119,godaddy.com
120,wordpress.com
121,amazon.ca
122,miguvideo.com
123,nytimes.com
124,researchgate.net
125,fc2.com
126,youdao.com
127,cnn.com
128,digikala.com
129,dropbox.com
130,nike.com
131,amazonaws.com
132,google.co.uk
133,discord.com
134,rakuten.co.jp
135,samsung.com
136,roblox.com
137,amazon.de
138,amazon.es
139,tumblr.com
140,espn.com
141,docin.com
142,amazon.fr
143,smzdm.com
144,gamersky.com
145,varzesh3.com
146,medium.com
147,hulu.com
148,fiverr.com
149,soso.com
150,ifeng.com
151,force.com
152,shein.com
153,epicgames.com
154,book118.com
155,hupu.com
156,dcinside.com
157,speedtest.net
158,hbomax.com
159,shopify.com
160,mega.nz
161,y2mate.com
162,google.co.jp
163,eporner.com
164,patreon.com
165,chase.com
166,eastmoney.com
167,missav.com
168,wildberries.ru
169,aliexpress.ru
170,zhibo8.cc
171,uol.com.br
172,costco.com
173,google.fr
174,namu.wiki
175,homedepot.com
176,runoob.com
177,linktr.ee
178,toutiao.com
179,zol.com.cn
180,macys.com
181,savefrom.net
182,livedoor.com
183,theguardian.com
184,googlevideo.com
185,livejasmin.com
186,huawei.com
187,bet365.com
188,chess.com
189,thepaper.cn
190,cnblogs.com
191,w3schools.com
192,geeksforgeeks.org
193,ikea.com
194,tistory.com
195,deviantart.com
196,trendyol.com
197,dailymail.co.uk
198,cloudfront.net
199,binance.com
200,sxyprn.com
201,shutterstock.com
202,archive.org
203,grammarly.com
204,figma.com
205,dmm.co.jp
206,vimeo.com
207,stripe.com
208,daum.net
209,primevideo.com
210,cloudflare.com
211,google.ru
212,yts.mx
213,yandex.com
214,bbc.co.uk
215,shaparak.ir
216,target.com
217,kdocs.cn
218,hoyoverse.com
219,kohls.com
220,autohome.com.cn
221,trello.com
222,nicovideo.jp
223,aliyuncs.com
224,rakuten.com
225,hm.com
226,line.me
227,yuque.com
228,tencent.com
229,stackexchange.com
230,zara.com
231,remove.bg
232,dell.com
233,ea.com
234,5ch.net
235,gofile.io
236,xxxxx520.com
237,hotstar.com
238,hitomi.la
239,quillbot.com
240,doorblog.jp
241,pexels.com
242,foxnews.com
243,google.com.tw
244,cupfox.app
245,pinimg.com
246,nhentai.net
247,zillow.com
248,mozilla.org
249,mercadolibre.com.mx
250,slack.com
251,huaban.com
252,craigslist.org
253,icourse163.org
254,fmkorea.com
255,jable.tv
256,marca.com
257,slickdeals.net
258,animeflv.net
259,zhihuishu.com
260,livedoor.jp
261,blogger.com
262,zendesk.com
263,hdfcbank.com
264,indiatimes.com
265,wiley.com
266,google.cn
267,gosuslugi.ru
268,pixabay.com
269,google.ca
270,upwork.com
271,eastday.com
272,google.de
273,qidian.com
274,bankofamerica.com
275,op.gg
276,hp.com
277,bendibao.com
278,zoukankan.com
279,feishu.cn
280,aparat.com
281,lenovo.com
282,steamcommunity.com
283,coinmarketcap.com
284,elsevier.com
285,nvidia.com
286,asus.com
287,globo.com
288,aol.com
289,xhamsterlive.com
290,envato.com
291,google.com.mx
292,springer.com
293,ups.com
294,pconline.com.cn
295,coursera.org
296,weather.com
297,ikco.ir
298,dlsite.com
299,chinaz.com
300,torob.com
301,xhamster18.desi
302,noodlemagazine.com
303,behance.net
304,oracle.com
305,e-hentai.org
306,dailymotion.com
307,360doc.com
308,coupang.com
309,9gag.com
310,zoho.com
311,unsplash.com
312,soundcloud.com
313,google.com.sg
314,codecanyon.net
315,livedoor.biz
316,google.co.th
317,jianshu.com
318,qcc.com
319,sourceforge.net
320,shopee.tw
321,nyaa.si
322,usps.com
323,gstatic.com
324,mercadolibre.com.ar
325,wellsfargo.com
326,mi.com
327,weibo.cn
328,cricbuzz.com
329,178.com
330,wayfair.com
331,ilive.cn
332,quark.cn
333,google.com.tr
334,scribd.com
335,lazada.sg
336,php.cn
337,divar.ir
338,ddys.tv
339,ampproject.org
340,salesforce.com
341,dytt8.net
342,biligame.com
343,office365.com
344,playstation.com
345,amazon.com.mx
346,quizlet.com
347,blog.jp
348,hepsiburada.com
349,notion.so
350,ouo.io
351,myanimelist.net
352,lanzoui.com
353,zxxk.com
354,wikimedia.org
355,animixplay.to
356,xueqiu.com
357,kooora.com
358,veilsuccessfully.com
359,alicdn.com
360,lowes.com
361,aliexpress.us
362,apple.com.cn
363,bytedance.net
364,redgifs.com
365,manatoki164.net
366,yiyouliao.com
367,game8.jp
368,investing.com
369,huya.com
370,fast.com
371,thisvid.com
372,istockphoto.com
373,xuexi.cn
374,artstation.com
375,kinopoisk.ru
376,as.com
377,americanexpress.com
378,wix.com
379,reverso.net
380,dingtalk.com
381,zhipin.com
382,flickr.com
383,healthline.com
384,foxsports.com
385,amazon.com.au
386,softonic.com
387,wp.pl
388,redtube.com
389,motherless.com
390,agemys.net
391,disneyplus.com
392,hubspot.com
393,livescore.com
394,123pan.com
395,guancha.cn
396,google.com.sa
397,423down.com
398,shopee.co.th
399,fedex.com
400,capitalone.com
401,joinhoney.com
402,gogoanime.ar
403,riotgames.com
404,cambridge.org
405,nga.cn
406,1337x.to
407,goodreads.com
408,similarweb.com
409,ign.com
410,crjpgate.com
411,reproductiontape.com
412,zoro.to
413,taboola.com
414,huaweicloud.com
415,porntrex.com
416,youporn.com
417,wordpress.org
418,parkingridiculous.com
419,ruliweb.com
420,xiaohongshu.com
421,academia.edu
422,libvio.me
423,soldierreproduceadmiration.com
424,wps.cn
425,amazon.cn
426,erome.com
427,txxx.com
428,genius.com
429,4chan.org
430,lightssyrupdecree.com
431,redd.it
432,gap.com
433,gamer.com.tw
434,likecs.com
435,theporndude.com
436,sahibinden.com
437,visualstudio.com
438,integrityprinciplesthorough.com
439,tallysaturatesnare.com
440,rt.com
441,tractorfoolproofstandard.com
442,uchi.ru
443,chapmanganato.com
444,zippyshare.com
445,google.com.br
446,docomo.ne.jp
447,okta.com
448,tianyancha.com
449,skype.com
450,internetdownloadmanager.com
451,wowhead.com
452,list-manage.com
453,eksisozluk.com
454,gismeteo.ru
455,youjizz.com
456,shopee.co.id
457,cdninstagram.com
458,tripadvisor.com
459,www.gov.cn
460,poki.com
461,chinatax.gov.cn
462,raw.githubusercontent.com
463,bdys01.com
464,seznam.cz
465,archiveofourown.org
466,yearbookhobblespinal.com
467,acfun.cn
468,peacocktv.com
469,majorityevaluatewiped.com
470,uniqlo.com
471,supjav.com
472,irctc.co.in
473,91porn.com
474,directcpmrev.com
475,bdimg.com
476,dribbble.com
477,oschina.net
478,meijutt.tv
479,bitly.com
480,arca.live
481,npmjs.com
482,onet.pl
483,lanhuapp.com
484,themeforest.net
485,google.com.ar
486,myntra.com
487,chsi.com.cn
488,jinritemai.com
489,for-j.com
490,lx.pub
491,flaticon.com
492,kakao.com
493,ctfile.com
494,gamespot.com
495,dood.re
496,messenger.com
497,yuketang.cn
498,mit.edu
499,xbox.com
500,washingtonpost.com
501,google.com.au
502,4399.com
503,jetbrains.com
504,google.co.kr
505,google.com.eg
506,weiyun.com
507,shopee.vn
508,amazon.sa
509,hqporner.com
510,wise.com
511,shopee.com.my
512,namecheap.com
513,lichess.org
514,goal.com
515,ieee.org
516,amazon.eg
517,whiskerssituationdisturb.com
518,tokopedia.com
519,rutracker.org
520,googlesyndication.com
521,doc88.com
522,snapchat.com
523,ameblo.jp
524,espncricinfo.com
525,uptodown.com
526,nextdoor.com
527,btnull.org
528,tapd.cn
529,tokyomotion.net
530,gamewith.jp
531,gog.com
532,onlinedown.net
533,smallpdf.com
534,videocampaign.co
535,ghxi.com
536,lazada.co.th
537,infobae.com
538,pemainedperio.com
539,bhphotovideo.com
540,windscrape.com
541,srvtrck.com
542,pornzog.com
543,librefutbol.com
544,udn.com
545,mailchimp.com
546,fapello.com
547,editorialmanager.com
548,ximalaya.com
549,zcool.com.cn
550,serebii.net
551,shimo.im
552,18183.com
553,ibm.com
554,ria.ru
555,cnet.com
556,ebay.com.au
557,merriam-webster.com
558,2345.com
559,futbin.com
560,intuit.com
561,rumble.com
562,amazon.ae
563,battle.net
564,tktube.com
565,fitgirl-repacks.site
566,yelp.com
567,flashscore.com
568,t66y.com
569,forbes.com
570,indiamart.com
571,att.com
572,syosetu.com
573,icloud.com
574,189.cn
575,proton.me
576,amap.com
577,hostinger.com
578,ixxx.com
579,bongacams.com
580,slideshare.net
581,trustpilot.com
582,onlinesbi.sbi
583,xiaomi.com
584,pdfdrive.com
585,noon.com
586,turkiye.gov.tr
587,afreecatv.com
588,convertio.co
589,mercari.com
590,126.com
591,accuweather.com
592,gitlab.com
593,britannica.com
594,atlassian.com
595,sznews.com
596,asura.gg
597,9anime.vc
598,wattpad.com
599,tnaflix.com
600,zerodha.com
601,anxia.com
602,tsinghua.edu.cn
603,paramountplus.com
604,pornone.com
605,eroterest.net
606,sina.cn
607,hao6v.cc
608,66law.cn
609,5movierulz.mx
610,rule34.xxx
611,1fichier.com
612,rockstargames.com
613,overleaf.com
614,noonoo.tv
615,soap2day.to
616,rottentomatoes.com
617,vnexpress.net
618,asos.com
619,interia.pl
620,mercadolivre.com.br
621,rezka.ag
622,thesaurus.com
623,zaobao.com
624,canada.ca
625,juejin.cn
626,nintendo.com
627,wikihow.com
628,calendly.com
629,uptobox.com
630,leetcode.cn
631,shop.app
632,ptt.cc
633,boyfriendtv.com
634,aliyundrive.com
635,codepen.io
636,ixigua.com
637,dhl.com
638,duosecurity.com
639,myworkdayjobs.com
640,right.com.cn
641,18comic.vip
642,ithome.com
643,europa.eu
644,mgtv.com
645,coursehero.com
646,uidai.gov.in
647,webofscience.com
648,ultimate-guitar.com
649,cloudconvert.com
650,businessinsider.com
651,nexon.com
652,kuaishou.com
653,v2ex.com
654,inven.co.kr
655,docker.com
656,nunuyy5.org
657,cnbc.com
658,verizon.com
659,xfantazy.com
660,dy2018.com
661,faphouse.com
662,duolingo.com
663,apache.org
664,amazon.com.br
665,myzaker.com
666,cnki.net
667,pornpics.com
668,hotmart.com
669,oraclecloud.com
670,blogimg.jp
671,chegg.com
672,ok.xxx
673,kakaku.com
674,reuters.com
675,manage.wix.com
676,wiktionary.org
677,citi.com
678,shobserver.com
679,eitaa.com
680,javmix.tv
681,optnx.com
682,nordstrom.com
683,adyen.com
684,1x001.com
685,crunchyroll.com
686,upornia.com
687,mydrivers.com
688,chiphell.com
689,python.org
690,lectortmo.com
691,dhl.de
692,errors.net
693,wsj.com
694,gmw.cn
695,alltopspot.com
696,vecteezy.com
697,curseforge.com
698,yatv.net
699,lego.com
700,ytimg.com
701,freecodecamp.org
702,fantia.jp
703,google.nl
704,9game.cn
705,fidelity.com
706,allegro.pl
707,tinyurl.so
708,alkoora.live
709,myworkday.com
710,telewebion.com
711,jiocinema.com
712,lenta.ru
713,nvidia.cn
714,opensea.io
715,google.com.vn
716,nypost.com
717,digitalocean.com
718,google.az
719,iloveimg.com
720,maigoo.com
721,vjav.com
722,sjtu.edu.cn
723,feimaoyun.com
724,zju.edu.cn
725,hdmoli.com
726,byrut.org
727,bunkr.is
728,oray.com
729,getbootstrap.com
730,okezone.com
731,ibaotu.com
732,investopedia.com
733,sinaimg.cn
734,hetapus.com
735,awaliwa.com
736,rambler.ru
737,iconfont.cn
738,webtoons.com
739,jd.hk
740,livejournal.com
741,adidas.com
742,leetcode.com
743,acs.org
744,fanbox.cc
745,javdb.com
746,harvard.edu
747,51cto.com
748,58pic.com
749,biancheng.net
750,speedtest.cn
751,sephora.com
752,yhdmp.cc
753,17173.com
754,wykop.pl
755,ebay.co.uk
756,xfinity.com
757,olevod.com
758,miro.com
759,sporttery.cn
760,woa.com
761,bankmellat.ir
762,lanzouv.com
763,icicibank.com
764,javhdporn.net
765,ulta.com
766,pianshen.com
767,gitbook.io
768,lofter.com
769,4channel.org
770,updateenow.com
771,shopee.ph
772,evernote.com
773,jut.su
774,dns-shop.ru
775,utorrent.com
776,tandfonline.com
777,bestbuy.ca
778,olx.com.br
779,cityheaven.net
780,socialmediagirls.com
781,usatoday.com
782,myfreecams.com
783,atlassian.net
784,directcpmfwr.com
785,criteo.com
786,discordapp.com
787,manhuagui.com
788,sspai.com
789,wjx.cn
790,renrendoc.com
791,hesgoal.com
792,apkpure.com
793,tamin.ir
794,x-mol.com
795,nalog.ru
796,squarespace.com
797,jaavnacsdw.com
798,pinduoduo.com
799,wallhaven.cc
800,discover.com
801,bbsmax.com
802,redbubble.com
803,intel.com
804,dafont.com
805,webex.com
806,rubika.ir
807,detik.com
808,pchome.com.tw
809,xvideos.red
810,pornez.net
811,loom.com
812,po-kaki-to.com
813,pku.edu.cn
814,disqus.com
815,dreamstime.com
816,vmware.com
817,alibaba-inc.com
818,xvideos-cdn.com
819,iporntv.net
820,storage.googleapis.com
821,caliente.mx
822,ilbe.com
823,elpais.com
824,gimy.app
825,sofascore.com
826,china.com
827,takealot.com
828,gamestop.com
829,wp.com
830,beijing.gov.cn
831,bluehost.com
832,mayoclinic.org
833,payu.in
834,thingiverse.com
835,powerbi.com
836,google.es
837,lg.com
838,furaffinity.net
839,idealo.de
840,thepiratebay.org
841,capitaloneshopping.com
842,goo.ne.jp
843,sankakucomplex.com
844,lanzoux.com
845,segmentfault.com
846,spiegel.de
847,fmovies.to
848,lottery.gov.cn
849,scs.gov.cn
850,newegg.com
851,17track.net
852,huijiwiki.com
853,consumersteer.com
854,cdiscount.com
855,clips4sale.com
856,weebly.com
857,iwara.tv
858,dianxiaomi.com
859,jkanime.net
860,ebay-kleinanzeigen.de
861,ettoday.net
862,media-amazon.com
863,realtor.com
864,ustc.edu.cn
865,sberbank.ru
866,shuzhiduo.com
867,blackboard.com
868,justwatch.com
869,dipaka-ead.com
870,sciencedirectassets.com
871,mercadolibre.com
872,vuejs.org
873,abema.tv
874,bitbucket.org
875,zhaopin.com
876,dickssportinggoods.com
877,mangadex.org
878,tianya.cn
879,cpta.com.cn
880,elmundo.es
881,cbssports.com
882,ltn.com.tw
883,bilibili.tv
884,huobi.com
885,mirconnect.ru
886,semrush.com
887,airbnb.com
888,6080dy1.com
889,zsxq.com
890,simpcity.su
891,lazada.com.my
892,nexusmods.com
893,sony.com
894,wordreference.com
895,tabelog.com
896,google.co.id
897,360.com
898,mysmth.net
899,xunlei.com
900,kugou.com
901,dianping.com
902,myvidster.com
903,1stream.link
904,idnes.cz
905,roudoduor.com
906,forms.gle
907,bild.de
908,12371.cn
909,opensooq.com
910,rawkuma.com
911,lenovo.com.cn
912,norton.com
913,jav.guru
914,adp.com
915,byjus.com
916,frontiersin.org
917,elecfans.com
918,fuq.com
919,naukri.com
920,streamtape.com
921,google.it
922,manganato.com
923,shutterfly.com
924,emalls.ir
925,myqcloud.com
926,gsmarena.com
927,news.com.au
928,ebay.de
929,kissjav.li
930,hindustantimes.com
931,mercadolibre.com.ve
932,addthis.com
933,hanime1.me
934,expedia.com
935,currys.co.uk
936,amd.com
937,cisco.com
938,ubisoft.com
939,temu.com
940,rojadirectaenvivo.club
941,liquipedia.net
942,plex.tv
943,newtoki164.com
944,e621.net
945,yjbys.com
946,justdial.com
947,processon.com
948,donmai.us
949,zhaket.com
950,iqbroker.com
951,ndtv.com
952,jcpenney.com
953,repubblica.it
954,td.com
955,xe.com
956,3d66.com
957,hatenablog.com
958,bale.ai
959,y2mate.is
960,pixnet.net
961,tap.az
962,drom.ru
963,themoviedb.org
964,ofchildr.buzz
965,ancestry.com
966,auth0.com
967,unity.com
968,studocu.com
969,bp.blogspot.com
970,hdtoday.tv
971,made-in-china.com
972,dandanzan10.top
973,f95zone.to
974,techradar.com
975,medicalnewstoday.com
976,fnac.com
977,iherb.com
978,beinsports.com
979,moegirl.org.cn
980,yinghuacd.com
981,score808.com
982,folkstalk.com
983,spectrum.net
984,togetter.com
985,huggingface.co
986,zalo.me
987,xiaoheimi.net
988,appsumo.com
989,game8.co
990,smdyy.cc
991,52poke.com
992,rule34video.com
993,japanpost.jp
994,novinky.cz
995,hh.ru
996,anonfiles.com
997,czspp.com
998,beeg.com
999,lazada.com.ph
1000,dbs.com.sg
